{"cameraMode":{"drawMode":0,"name":"Shaded","section":"Shading Mode"},"sceneLighting":false,"audioPlay":false,"sceneViewState":{"showFog":true,"showMaterialUpdate":false,"showSkybox":false,"showFlares":true,"showImageEffects":true,"showParticleSystems":true},"in2DMode":false,"pivot":{"x":0.0009210094576701522,"y":0.5,"z":0.3007728159427643},"rotation":{"x":-0.03176471218466759,"y":0.05005170777440071,"z":-0.0015918369172140957,"w":-0.9982550144195557},"size":0.0015470117796212435,"orthographic":false}